,Names
0,arun
1,arun
2,arun
3,arun
4,arun
5,arun
6,arun
7,arun
8,arun
9,arun
10,arun
11,arun
12,arun
13,arun
14,arun
15,arun
16,arun
17,arun
18,arun
19,arun
20,arun
21,arun
22,arun
23,arun
24,arun
25,arun
26,arun
27,arun
28,arun
29,arun
30,arun
31,arun
32,arun
33,arun
34,arun
35,arun
36,arun
37,arun
38,arun
39,arun
40,arun
41,arun
42,arun
43,arun
44,arun
45,arun
46,arun
47,arun
48,arun
49,arun
50,arun
51,arun
52,arun
53,arun
54,arun
55,arun
56,arun
57,arun
58,arun
59,arun
60,arun
61,arun
62,arun
63,arun
64,arun
65,arun
66,arun
67,arun
68,arun
69,arun
70,arun
71,arun
72,arun
73,arun
74,arun
75,arun
76,arun
77,arun
78,arun
79,arun
80,arun
81,arun
82,arun
83,arun
84,arun
85,arun
86,arun
87,arun
88,arun
89,arun
90,arun
91,arun
92,arun
93,arun
94,arun
95,arun
96,arun
97,arun
98,arun
99,arun
100,arun
101,arun
102,arun
103,arun
104,arun
105,arun
106,arun
107,arun
108,arun
109,arun
110,arun
111,arun
112,arun
113,arun
114,arun
115,arun
116,arun
117,arun
118,arun
119,arun
120,arun
121,arun
122,arun
123,arun
124,arun
125,arun
126,arun
127,arun
128,arun
129,arun
130,arun
131,arun
132,arun
133,arun
134,arun
135,arun
136,arun
137,arun
138,arun
139,arun
140,arun
141,arun
142,arun
143,arun
144,arun
145,arun
146,arun
147,arun
148,arun
149,arun
150,arun
151,arun
152,arun
153,arun
154,arun
155,arun
156,arun
157,arun
158,arun
159,arun
160,arun
161,arun
162,arun
163,arun
164,arun
165,arun
166,arun
167,arun
168,arun
169,arun
170,arun
171,arun
172,arun
173,arun
174,arun
175,arun
176,arun
177,arun
178,arun
179,arun
180,arun
181,arun
182,arun
183,arun
184,arun
185,arun
186,arun
187,arun
188,arun
189,arun
190,arun
191,arun
192,arun
193,arun
194,arun
195,arun
196,arun
197,arun
198,arun
199,arun
200,arun
201,arun
202,arun
203,arun
204,arun
205,arun
206,arun
207,arun
208,arun
209,arun
210,arun
211,arun
212,arun
213,arun
214,arun
215,arun
216,arun
217,arun
218,arun
219,arun
220,arun
221,arun
222,arun
223,arun
224,arun
225,arun
226,arun
227,arun
228,arun
229,arun
230,arun
231,arun
232,arun
233,arun
234,arun
235,arun
236,arun
237,arun
238,arun
239,arun
240,arun
241,arun
242,arun
243,arun
244,arun
245,arun
246,arun
247,arun
248,arun
249,arun
250,arun
251,arun
252,arun
253,arun
254,arun
255,arun
256,arun
257,arun
258,arun
259,arun
260,arun
261,arun
262,arun
263,arun
264,arun
265,arun
266,arun
267,arun
268,arun
269,arun
270,arun
271,arun
272,arun
273,arun
274,arun
275,arun
276,arun
277,arun
278,arun
279,arun
280,arun
281,arun
282,arun
283,arun
284,arun
285,arun
286,arun
287,arun
288,arun
289,arun
290,arun
291,arun
292,arun
293,arun
294,arun
295,arun
296,arun
297,arun
298,arun
299,arun
300,arun
301,arun
302,arun
303,arun
304,arun
305,arun
306,arun
307,arun
308,arun
309,arun
310,arun
311,arun
312,arun
313,arun
314,arun
315,arun
316,arun
317,arun
318,arun
319,arun
320,arun
321,arun
322,arun
323,arun
324,arun
325,arun
326,arun
327,arun
328,arun
329,arun
330,arun
331,arun
332,arun
333,arun
334,arun
335,arun
336,arun
337,arun
338,arun
339,arun
340,arun
341,arun
342,arun
343,arun
344,arun
345,arun
346,arun
347,arun
348,arun
349,arun
350,arun
351,arun
352,arun
353,arun
354,arun
355,arun
356,arun
357,arun
358,arun
359,arun
360,arun
361,arun
362,arun
363,arun
364,arun
365,arun
366,arun
367,arun
368,arun
369,arun
370,arun
371,arun
372,arun
373,arun
374,arun
375,arun
376,arun
377,arun
378,arun
379,arun
380,arun
381,arun
382,arun
383,arun
384,arun
385,arun
386,arun
387,arun
388,arun
389,arun
390,arun
391,arun
392,arun
393,arun
394,arun
395,arun
396,arun
397,arun
398,arun
399,arun
400,arun
401,arun
402,arun
403,arun
404,arun
405,arun
406,arun
407,arun
408,arun
409,arun
410,arun
411,arun
412,arun
413,arun
414,arun
415,arun
416,arun
417,arun
418,arun
419,arun
420,arun
421,arun
422,arun
423,arun
424,arun
425,arun
426,arun
427,arun
428,arun
429,arun
430,arun
431,arun
432,arun
433,arun
434,arun
435,arun
436,arun
437,arun
438,arun
439,arun
440,arun
441,arun
442,arun
443,arun
444,arun
445,arun
446,arun
447,arun
448,arun
449,arun
450,arun
451,arun
452,arun
453,arun
454,arun
455,arun
456,arun
457,arun
458,arun
459,arun
460,arun
461,arun
462,arun
463,arun
464,arun
465,arun
466,arun
467,arun
468,arun
469,arun
470,arun
471,arun
472,arun
473,arun
474,arun
475,arun
476,arun
477,arun
478,arun
479,arun
480,arun
481,arun
482,arun
483,arun
484,arun
485,arun
486,arun
487,arun
488,arun
489,arun
490,arun
491,arun
492,arun
493,arun
494,arun
495,arun
496,arun
497,arun
498,arun
499,arun
500,arun
501,arun
502,arun
503,arun
504,arun
505,arun
506,arun
507,arun
508,arun
509,arun
510,arun
511,arun
512,arun
513,arun
514,arun
515,arun
516,arun
517,arun
518,arun
519,arun
520,arun
521,arun
522,arun
523,arun
524,arun
525,arun
526,arun
527,arun
528,arun
529,arun
530,arun
531,arun
532,arun
533,arun
534,arun
535,arun
536,arun
537,arun
538,arun
539,arun
540,arun
541,arun
542,arun
543,arun
544,arun
545,arun
546,arun
547,arun
548,arun
549,arun
550,arun
551,arun
552,arun
553,arun
554,arun
555,arun
556,arun
557,arun
558,arun
559,arun
560,arun
561,arun
562,arun
563,arun
564,navin
565,navin
566,navin
567,navin
568,navin
569,navin
570,navin
571,navin
572,navin
573,navin
574,navin
575,navin
576,navin
577,navin
578,navin
579,navin
580,navin
581,navin
582,navin
583,navin
584,navin
585,navin
586,navin
587,navin
588,navin
589,navin
590,navin
591,navin
592,navin
593,navin
594,navin
595,navin
596,navin
597,navin
598,navin
599,navin
600,navin
601,navin
602,navin
603,navin
604,navin
605,navin
606,navin
607,navin
608,navin
609,navin
610,navin
611,navin
612,navin
613,navin
614,navin
615,navin
616,navin
617,navin
618,navin
619,navin
620,navin
621,navin
622,navin
623,navin
624,navin
625,navin
626,navin
627,navin
628,navin
629,navin
630,navin
631,navin
632,navin
633,navin
634,navin
635,navin
636,navin
637,navin
638,navin
639,navin
640,navin
641,navin
642,navin
643,navin
644,navin
645,navin
646,navin
647,navin
648,navin
649,navin
650,navin
651,navin
652,navin
653,navin
654,navin
655,navin
656,navin
657,navin
658,navin
659,navin
660,navin
661,navin
662,navin
663,navin
664,navin
665,navin
666,navin
667,navin
668,navin
669,navin
670,navin
671,navin
672,navin
673,navin
674,navin
675,navin
676,navin
677,navin
678,navin
679,navin
680,navin
681,navin
682,navin
683,navin
684,navin
685,navin
686,navin
687,navin
688,navin
689,navin
690,navin
691,navin
692,navin
693,navin
694,navin
695,navin
696,navin
697,navin
698,navin
699,navin
700,navin
701,navin
702,navin
703,navin
704,navin
705,navin
706,navin
707,navin
708,navin
709,navin
710,navin
711,navin
712,navin
713,navin
714,navin
715,navin
716,navin
717,navin
718,navin
719,navin
720,navin
721,navin
722,navin
723,navin
724,navin
725,navin
726,navin
727,navin
728,navin
729,navin
730,navin
731,navin
732,navin
733,navin
734,navin
735,navin
736,navin
737,navin
738,navin
739,navin
740,navin
741,navin
742,navin
743,navin
744,navin
745,navin
746,navin
747,navin
748,navin
749,navin
750,navin
751,navin
752,navin
753,navin
754,navin
755,navin
756,navin
757,navin
758,navin
759,navin
760,navin
761,navin
762,navin
763,navin
764,navin
765,navin
766,navin
767,navin
768,navin
769,navin
770,navin
771,navin
772,navin
773,navin
774,navin
775,navin
776,navin
777,navin
778,navin
779,navin
780,navin
781,navin
782,navin
783,navin
784,navin
785,navin
786,navin
787,navin
788,navin
789,navin
790,navin
791,navin
792,navin
793,navin
794,navin
795,navin
796,navin
797,navin
798,navin
799,navin
800,navin
801,navin
802,navin
803,navin
804,navin
805,navin
806,navin
807,navin
808,navin
809,navin
810,navin
811,navin
812,navin
813,navin
814,navin
815,navin
816,navin
817,navin
818,navin
819,navin
820,navin
821,navin
822,navin
823,navin
824,navin
825,navin
826,navin
827,navin
828,navin
829,navin
830,navin
831,navin
832,navin
833,navin
834,navin
835,navin
836,navin
837,navin
838,navin
839,navin
840,navin
841,navin
842,navin
843,navin
844,navin
845,navin
846,navin
847,navin
848,navin
849,navin
850,navin
851,navin
852,navin
853,navin
854,navin
855,navin
856,navin
857,navin
858,navin
859,navin
860,navin
861,navin
862,navin
863,navin
864,navin
865,navin
866,navin
867,navin
868,navin
869,navin
870,navin
871,navin
872,navin
873,navin
874,navin
875,navin
876,navin
877,navin
878,navin
879,navin
880,navin
881,navin
882,navin
883,navin
884,navin
885,navin
886,navin
887,navin
888,navin
889,navin
890,navin
891,navin
892,navin
893,navin
894,navin
895,navin
896,navin
897,navin
898,navin
899,navin
900,navin
901,navin
902,navin
903,navin
904,navin
905,navin
906,navin
907,navin
908,navin
909,navin
910,navin
911,navin
912,navin
913,navin
914,navin
915,navin
916,navin
917,navin
918,navin
919,navin
920,navin
921,navin
922,navin
923,navin
924,navin
925,navin
926,navin
927,navin
928,navin
929,navin
930,navin
931,navin
932,navin
933,navin
934,navin
935,navin
936,navin
937,navin
938,navin
939,navin
940,navin
941,navin
942,navin
943,navin
944,navin
945,navin
946,navin
947,navin
948,navin
949,navin
950,navin
951,navin
952,navin
953,navin
954,navin
955,navin
956,navin
957,navin
958,navin
959,navin
960,navin
961,navin
962,navin
963,navin
964,navin
965,navin
966,navin
967,navin
968,navin
969,navin
970,navin
971,navin
972,navin
973,navin
974,navin
975,navin
976,navin
977,navin
978,navin
979,navin
980,navin
981,navin
982,navin
983,navin
984,navin
985,navin
986,navin
987,navin
988,navin
989,navin
990,navin
991,navin
992,navin
993,navin
994,navin
995,navin
996,navin
997,navin
998,navin
999,navin
1000,navin
1001,navin
1002,navin
1003,navin
1004,navin
1005,navin
1006,navin
1007,navin
1008,navin
1009,navin
1010,navin
1011,navin
1012,navin
1013,navin
1014,navin
1015,navin
1016,navin
1017,navin
1018,navin
1019,navin
1020,navin
1021,navin
1022,navin
1023,navin
1024,navin
1025,navin
1026,navin
1027,navin
1028,navin
1029,navin
1030,navin
1031,navin
1032,navin
1033,navin
1034,navin
1035,navin
1036,navin
1037,navin
1038,navin
1039,navin
1040,navin
1041,navin
1042,navin
1043,navin
1044,navin
1045,navin
1046,navin
1047,navin
1048,navin
1049,navin
1050,navin
1051,navin
1052,navin
1053,navin
1054,navin
1055,navin
1056,navin
1057,navin
1058,navin
1059,navin
1060,navin
1061,navin
1062,navin
1063,navin
1064,navin
1065,navin
1066,navin
1067,navin
1068,navin
1069,navin
1070,navin
1071,navin
1072,navin
1073,navin
1074,navin
1075,navin
1076,navin
1077,navin
1078,navin
1079,navin
1080,navin
1081,navin
1082,navin
1083,navin
1084,navin
1085,navin
1086,navin
1087,navin
1088,navin
1089,navin
1090,navin
1091,navin
1092,navin
1093,navin
1094,navin
1095,navin
1096,navin
1097,navin
1098,navin
1099,navin
1100,navin
1101,navin
1102,navin
1103,navin
1104,navin
1105,navin
1106,navin
1107,navin
1108,navin
1109,navin
1110,navin
1111,navin
1112,navin
1113,navin
1114,navin
1115,navin
1116,navin
1117,navin
1118,navin
1119,navin
1120,navin
1121,navin
1122,navin
1123,chaitanya
1124,chaitanya
1125,chaitanya
1126,chaitanya
1127,chaitanya
1128,chaitanya
1129,chaitanya
1130,chaitanya
1131,chaitanya
1132,chaitanya
1133,chaitanya
1134,chaitanya
1135,chaitanya
1136,chaitanya
1137,chaitanya
1138,chaitanya
1139,chaitanya
1140,chaitanya
1141,chaitanya
1142,chaitanya
1143,chaitanya
1144,chaitanya
1145,chaitanya
1146,chaitanya
1147,chaitanya
1148,chaitanya
1149,chaitanya
1150,chaitanya
1151,chaitanya
1152,chaitanya
1153,chaitanya
1154,chaitanya
1155,chaitanya
1156,chaitanya
1157,chaitanya
1158,chaitanya
1159,chaitanya
1160,chaitanya
1161,chaitanya
1162,chaitanya
1163,chaitanya
1164,chaitanya
1165,chaitanya
1166,chaitanya
1167,chaitanya
1168,chaitanya
1169,chaitanya
1170,chaitanya
1171,chaitanya
1172,chaitanya
1173,chaitanya
1174,chaitanya
1175,chaitanya
1176,chaitanya
1177,chaitanya
1178,chaitanya
1179,chaitanya
1180,chaitanya
1181,chaitanya
1182,chaitanya
1183,chaitanya
1184,chaitanya
1185,chaitanya
1186,chaitanya
1187,chaitanya
1188,chaitanya
1189,chaitanya
1190,chaitanya
1191,chaitanya
1192,chaitanya
1193,chaitanya
1194,chaitanya
1195,chaitanya
1196,chaitanya
1197,chaitanya
1198,chaitanya
1199,chaitanya
1200,chaitanya
1201,chaitanya
1202,chaitanya
1203,chaitanya
1204,chaitanya
1205,chaitanya
1206,chaitanya
1207,chaitanya
1208,chaitanya
1209,chaitanya
1210,chaitanya
1211,chaitanya
1212,chaitanya
1213,chaitanya
1214,chaitanya
1215,chaitanya
1216,chaitanya
1217,chaitanya
1218,chaitanya
1219,chaitanya
1220,chaitanya
1221,chaitanya
1222,chaitanya
1223,chaitanya
1224,chaitanya
1225,chaitanya
1226,chaitanya
1227,chaitanya
1228,chaitanya
1229,chaitanya
1230,chaitanya
1231,chaitanya
1232,chaitanya
1233,chaitanya
1234,chaitanya
1235,chaitanya
1236,chaitanya
1237,chaitanya
1238,chaitanya
1239,chaitanya
1240,chaitanya
1241,chaitanya
1242,chaitanya
1243,chaitanya
1244,chaitanya
1245,chaitanya
1246,chaitanya
1247,chaitanya
1248,chaitanya
1249,chaitanya
1250,chaitanya
1251,chaitanya
1252,chaitanya
1253,chaitanya
1254,chaitanya
1255,chaitanya
1256,chaitanya
1257,chaitanya
1258,chaitanya
1259,chaitanya
1260,chaitanya
1261,chaitanya
1262,chaitanya
1263,chaitanya
1264,chaitanya
1265,chaitanya
1266,chaitanya
1267,chaitanya
1268,chaitanya
1269,chaitanya
1270,chaitanya
1271,chaitanya
1272,chaitanya
1273,chaitanya
1274,chaitanya
1275,chaitanya
1276,chaitanya
1277,chaitanya
1278,chaitanya
1279,chaitanya
1280,chaitanya
1281,chaitanya
1282,chaitanya
1283,chaitanya
1284,chaitanya
1285,chaitanya
1286,chaitanya
1287,chaitanya
1288,chaitanya
1289,chaitanya
1290,chaitanya
1291,chaitanya
1292,chaitanya
1293,chaitanya
1294,chaitanya
1295,chaitanya
1296,chaitanya
1297,chaitanya
1298,chaitanya
1299,chaitanya
1300,chaitanya
1301,chaitanya
1302,chaitanya
1303,chaitanya
1304,chaitanya
1305,chaitanya
1306,chaitanya
1307,chaitanya
1308,chaitanya
1309,chaitanya
1310,chaitanya
1311,chaitanya
1312,chaitanya
1313,chaitanya
1314,chaitanya
1315,chaitanya
1316,chaitanya
1317,chaitanya
1318,chaitanya
1319,chaitanya
1320,chaitanya
1321,chaitanya
1322,chaitanya
1323,chaitanya
1324,chaitanya
1325,chaitanya
1326,chaitanya
1327,chaitanya
1328,chaitanya
1329,chaitanya
1330,chaitanya
1331,chaitanya
1332,chaitanya
1333,chaitanya
1334,chaitanya
1335,chaitanya
1336,chaitanya
1337,chaitanya
1338,chaitanya
1339,chaitanya
1340,chaitanya
1341,chaitanya
1342,chaitanya
1343,chaitanya
1344,chaitanya
1345,chaitanya
1346,chaitanya
1347,chaitanya
1348,chaitanya
1349,chaitanya
1350,chaitanya
1351,chaitanya
1352,chaitanya
1353,chaitanya
1354,chaitanya
1355,chaitanya
1356,chaitanya
1357,chaitanya
1358,chaitanya
1359,chaitanya
1360,chaitanya
1361,chaitanya
1362,chaitanya
1363,chaitanya
1364,chaitanya
1365,chaitanya
1366,chaitanya
1367,chaitanya
1368,chaitanya
1369,chaitanya
1370,chaitanya
1371,chaitanya
1372,chaitanya
1373,chaitanya
1374,chaitanya
1375,chaitanya
1376,chaitanya
1377,chaitanya
1378,chaitanya
1379,chaitanya
1380,chaitanya
1381,chaitanya
1382,chaitanya
1383,chaitanya
1384,chaitanya
1385,chaitanya
1386,chaitanya
1387,chaitanya
1388,chaitanya
1389,chaitanya
1390,chaitanya
1391,chaitanya
1392,chaitanya
1393,chaitanya
1394,chaitanya
1395,chaitanya
1396,chaitanya
1397,chaitanya
1398,chaitanya
1399,chaitanya
1400,chaitanya
1401,chaitanya
1402,chaitanya
1403,chaitanya
1404,chaitanya
1405,chaitanya
1406,chaitanya
1407,chaitanya
1408,chaitanya
1409,chaitanya
1410,chaitanya
1411,chaitanya
1412,chaitanya
1413,chaitanya
1414,chaitanya
1415,chaitanya
1416,chaitanya
1417,chaitanya
1418,chaitanya
1419,chaitanya
1420,chaitanya
1421,chaitanya
1422,chaitanya
1423,chaitanya
1424,chaitanya
1425,chaitanya
1426,chaitanya
1427,chaitanya
1428,chaitanya
1429,chaitanya
1430,chaitanya
1431,chaitanya
1432,chaitanya
1433,chaitanya
1434,chaitanya
1435,chaitanya
1436,chaitanya
1437,chaitanya
1438,chaitanya
1439,chaitanya
1440,chaitanya
1441,chaitanya
1442,chaitanya
1443,chaitanya
1444,chaitanya
1445,chaitanya
1446,chaitanya
1447,chaitanya
1448,chaitanya
1449,chaitanya
1450,chaitanya
1451,chaitanya
1452,chaitanya
1453,chaitanya
1454,chaitanya
1455,chaitanya
1456,chaitanya
1457,chaitanya
1458,chaitanya
1459,chaitanya
1460,chaitanya
1461,chaitanya
1462,chaitanya
1463,chaitanya
1464,chaitanya
1465,chaitanya
1466,chaitanya
1467,chaitanya
1468,chaitanya
1469,chaitanya
1470,chaitanya
1471,chaitanya
1472,chaitanya
1473,chaitanya
1474,chaitanya
1475,chaitanya
1476,chaitanya
1477,chaitanya
1478,chaitanya
1479,chaitanya
1480,chaitanya
1481,chaitanya
1482,chaitanya
1483,chaitanya
1484,chaitanya
1485,chaitanya
1486,chaitanya
1487,chaitanya
1488,chaitanya
1489,chaitanya
1490,chaitanya
1491,chaitanya
1492,chaitanya
1493,chaitanya
1494,chaitanya
1495,chaitanya
1496,chaitanya
1497,chaitanya
1498,chaitanya
1499,chaitanya
1500,chaitanya
1501,chaitanya
1502,chaitanya
1503,chaitanya
1504,chaitanya
1505,chaitanya
1506,chaitanya
1507,chaitanya
1508,chaitanya
1509,chaitanya
1510,chaitanya
1511,chaitanya
1512,chaitanya
1513,chaitanya
1514,chaitanya
1515,chaitanya
1516,chaitanya
1517,chaitanya
1518,chaitanya
1519,chaitanya
1520,chaitanya
1521,chaitanya
1522,chaitanya
1523,chaitanya
1524,chaitanya
1525,chaitanya
1526,chaitanya
1527,chaitanya
1528,chaitanya
1529,chaitanya
1530,chaitanya
1531,chaitanya
1532,chaitanya
1533,chaitanya
1534,chaitanya
1535,chaitanya
1536,chaitanya
1537,chaitanya
1538,chaitanya
1539,chaitanya
1540,chaitanya
1541,chaitanya
1542,chaitanya
1543,chaitanya
1544,chaitanya
1545,chaitanya
1546,chaitanya
1547,chaitanya
1548,chaitanya
1549,chaitanya
1550,chaitanya
1551,chaitanya
1552,chaitanya
1553,chaitanya
1554,chaitanya
1555,chaitanya
1556,chaitanya
1557,chaitanya
1558,chaitanya
1559,chaitanya
1560,chaitanya
1561,chaitanya
1562,chaitanya
1563,chaitanya
1564,chaitanya
1565,chaitanya
1566,chaitanya
1567,chaitanya
1568,chaitanya
1569,chaitanya
1570,chaitanya
1571,chaitanya
1572,chaitanya
1573,chaitanya
1574,chaitanya
1575,chaitanya
1576,chaitanya
1577,chaitanya
1578,chaitanya
1579,chaitanya
1580,chaitanya
1581,chaitanya
1582,chaitanya
1583,chaitanya
1584,chaitanya
1585,chaitanya
1586,chaitanya
1587,chaitanya
1588,chaitanya
1589,chaitanya
1590,chaitanya
1591,chaitanya
1592,chaitanya
1593,chaitanya
1594,chaitanya
1595,chaitanya
1596,chaitanya
1597,chaitanya
1598,chaitanya
1599,chaitanya
1600,chaitanya
1601,chaitanya
1602,chaitanya
1603,chaitanya
1604,chaitanya
1605,chaitanya
1606,chaitanya
1607,chaitanya
1608,chaitanya
1609,chaitanya
1610,chaitanya
1611,chaitanya
1612,chaitanya
1613,chaitanya
1614,chaitanya
1615,chaitanya
1616,chaitanya
1617,chaitanya
1618,chaitanya
1619,chaitanya
1620,chaitanya
1621,chaitanya
1622,chaitanya
1623,chaitanya
1624,chaitanya
1625,chaitanya
1626,chaitanya
1627,chaitanya
1628,chaitanya
1629,chaitanya
1630,chaitanya
1631,chaitanya
1632,chaitanya
1633,chaitanya
1634,chaitanya
1635,chaitanya
1636,chaitanya
1637,chaitanya
1638,chaitanya
1639,chaitanya
1640,chaitanya
1641,chaitanya
1642,chaitanya
1643,chaitanya
1644,chaitanya
1645,chaitanya
1646,chaitanya
1647,chaitanya
1648,chaitanya
1649,chaitanya
1650,chaitanya
1651,chaitanya
1652,chaitanya
1653,chaitanya
1654,chaitanya
1655,chaitanya
1656,chaitanya
1657,chaitanya
1658,chaitanya
1659,chaitanya
1660,chaitanya
1661,chaitanya
1662,chaitanya
1663,chaitanya
1664,chaitanya
1665,chaitanya
1666,chaitanya
1667,chaitanya
1668,chaitanya
1669,chaitanya
1670,chaitanya
1671,chaitanya
1672,chaitanya
1673,chaitanya
1674,chaitanya
1675,chaitanya
1676,chaitanya
1677,chaitanya
1678,chaitanya
1679,chaitanya
1680,chaitanya
1681,chaitanya
1682,chaitanya
1683,chaitanya
1684,chaitanya
1685,chaitanya
1686,chaitanya
1687,chaitanya
1688,chaitanya
1689,chaitanya
1690,chaitanya
1691,chaitanya
1692,chaitanya
1693,chaitanya
1694,chaitanya
1695,chaitanya
1696,chaitanya
1697,chaitanya
1698,chaitanya
1699,chaitanya
1700,chaitanya
1701,chaitanya
1702,chaitanya
1703,chaitanya
1704,chaitanya
1705,chaitanya
1706,chaitanya
1707,chaitanya
1708,chaitanya
1709,chaitanya
1710,chaitanya
1711,chaitanya
1712,chaitanya
1713,chaitanya
1714,chaitanya
1715,chaitanya
1716,chaitanya
1717,chaitanya
1718,chaitanya
1719,chaitanya
1720,chaitanya
1721,chaitanya
1722,chaitanya
1723,chaitanya
1724,chaitanya
1725,chaitanya
1726,chaitanya
1727,chaitanya
1728,chaitanya
1729,chaitanya
1730,chaitanya
1731,chaitanya
1732,chaitanya
1733,chaitanya
1734,chaitanya
1735,chaitanya
1736,chaitanya
1737,chaitanya
1738,chaitanya
1739,chaitanya
1740,chaitanya
1741,chaitanya
1742,chaitanya
1743,chaitanya
1744,chaitanya
1745,chaitanya
1746,chaitanya
1747,chaitanya
1748,chaitanya
1749,chaitanya
1750,chaitanya
1751,chaitanya
1752,chaitanya
1753,chaitanya
1754,chaitanya
1755,chaitanya
1756,chaitanya
1757,chaitanya
1758,chaitanya
1759,sanket
1760,sanket
1761,sanket
1762,sanket
1763,sanket
1764,sanket
1765,sanket
1766,sanket
1767,sanket
1768,sanket
1769,sanket
1770,sanket
1771,sanket
1772,sanket
1773,sanket
1774,sanket
1775,sanket
1776,sanket
1777,sanket
1778,sanket
1779,sanket
1780,sanket
1781,sanket
1782,sanket
1783,sanket
1784,sanket
1785,sanket
1786,sanket
1787,sanket
1788,sanket
1789,sanket
1790,sanket
1791,sanket
1792,sanket
1793,sanket
1794,sanket
1795,sanket
1796,sanket
1797,sanket
1798,sanket
1799,sanket
1800,sanket
1801,sanket
1802,sanket
1803,sanket
1804,sanket
1805,sanket
1806,sanket
1807,sanket
1808,sanket
1809,sanket
1810,sanket
1811,sanket
1812,sanket
1813,sanket
1814,sanket
1815,sanket
1816,sanket
1817,sanket
1818,sanket
1819,sanket
1820,sanket
1821,sanket
1822,sanket
1823,sanket
1824,sanket
1825,sanket
1826,sanket
1827,sanket
1828,sanket
1829,sanket
1830,sanket
1831,sanket
1832,sanket
1833,sanket
1834,sanket
1835,sanket
1836,sanket
1837,sanket
1838,sanket
1839,sanket
1840,sanket
1841,sanket
1842,sanket
1843,sanket
1844,sanket
1845,sanket
1846,sanket
1847,sanket
1848,sanket
1849,sanket
1850,sanket
1851,sanket
1852,sanket
1853,sanket
1854,sanket
1855,sanket
1856,sanket
1857,sanket
1858,sanket
1859,sanket
1860,sanket
1861,sanket
1862,sanket
1863,sanket
1864,sanket
1865,sanket
1866,sanket
1867,sanket
1868,sanket
1869,sanket
1870,sanket
1871,sanket
1872,sanket
1873,sanket
1874,sanket
1875,sanket
1876,sanket
1877,sanket
1878,sanket
1879,sanket
1880,sanket
1881,sanket
1882,sanket
1883,sanket
1884,sanket
1885,sanket
1886,sanket
1887,sanket
1888,sanket
1889,sanket
1890,sanket
1891,sanket
1892,sanket
1893,sanket
1894,sanket
1895,sanket
1896,sanket
1897,sanket
1898,sanket
1899,sanket
1900,sanket
1901,sanket
1902,sanket
1903,sanket
1904,sanket
1905,sanket
1906,sanket
1907,sanket
1908,sanket
1909,sanket
1910,sanket
1911,sanket
1912,sanket
1913,sanket
1914,sanket
1915,sanket
1916,sanket
1917,sanket
1918,sanket
1919,sanket
1920,sanket
1921,sanket
1922,sanket
1923,sanket
1924,sanket
1925,sanket
1926,sanket
1927,sanket
1928,sanket
1929,sanket
1930,sanket
1931,sanket
1932,sanket
1933,sanket
1934,sanket
1935,sanket
1936,sanket
1937,sanket
1938,sanket
1939,sanket
1940,sanket
1941,sanket
1942,sanket
1943,sanket
1944,sanket
1945,sanket
1946,sanket
1947,sanket
1948,sanket
1949,sanket
1950,sanket
1951,sanket
1952,sanket
1953,sanket
1954,sanket
1955,sanket
1956,sanket
1957,sanket
1958,sanket
1959,sanket
1960,sanket
1961,sanket
1962,sanket
1963,sanket
1964,sanket
1965,sanket
1966,sanket
1967,sanket
1968,sanket
1969,sanket
1970,sanket
1971,sanket
1972,sanket
1973,sanket
1974,sanket
1975,sanket
1976,sanket
1977,sanket
1978,sanket
1979,sanket
1980,sanket
1981,sanket
1982,sanket
1983,sanket
1984,sanket
1985,sanket
1986,sanket
1987,sanket
1988,sanket
1989,sanket
1990,sanket
1991,sanket
1992,sanket
1993,sanket
1994,sanket
1995,sanket
1996,sanket
1997,sanket
1998,sanket
1999,sanket
2000,sanket
2001,sanket
2002,sanket
2003,sanket
2004,sanket
2005,sanket
2006,sanket
2007,sanket
2008,sanket
2009,sanket
2010,sanket
2011,sanket
2012,sanket
2013,sanket
2014,sanket
2015,sanket
2016,sanket
2017,sanket
2018,sanket
2019,sanket
2020,sanket
2021,sanket
2022,sanket
2023,sanket
2024,sanket
2025,sanket
2026,sanket
2027,sanket
2028,sanket
2029,sanket
2030,sanket
2031,sanket
2032,sanket
2033,sanket
2034,sanket
2035,sanket
2036,sanket
2037,sanket
2038,sanket
2039,sanket
2040,sanket
2041,sanket
2042,sanket
2043,sanket
2044,sanket
2045,sanket
2046,sanket
2047,sanket
2048,sanket
2049,sanket
2050,sanket
2051,sanket
2052,sanket
2053,sanket
2054,sanket
2055,sanket
2056,sanket
2057,sanket
2058,sanket
2059,sanket
2060,sanket
2061,sanket
2062,sanket
2063,sanket
2064,sanket
2065,sanket
2066,sanket
2067,sanket
2068,sanket
2069,sanket
2070,sanket
2071,sanket
2072,sanket
2073,sanket
2074,sanket
2075,sanket
2076,sanket
2077,sanket
2078,sanket
2079,sanket
2080,sanket
2081,sanket
2082,sanket
2083,sanket
2084,sanket
2085,sanket
2086,sanket
2087,sanket
2088,sanket
2089,sanket
2090,sanket
2091,sanket
2092,sanket
2093,sanket
2094,sanket
2095,sanket
2096,sanket
2097,sanket
2098,sanket
2099,sanket
2100,sanket
2101,sanket
2102,sanket
2103,sanket
2104,sanket
2105,sanket
2106,sanket
2107,sanket
2108,sanket
2109,sanket
2110,sanket
2111,sanket
2112,sanket
2113,sanket
2114,sanket
2115,sanket
2116,sanket
2117,sanket
2118,sanket
2119,sanket
2120,sanket
2121,sanket
2122,sanket
2123,sanket
2124,sanket
2125,sanket
2126,sanket
2127,sanket
2128,sanket
2129,sanket
2130,sanket
2131,sanket
2132,sanket
2133,sanket
2134,sanket
2135,sanket
2136,sanket
2137,sanket
2138,sanket
2139,sanket
2140,sanket
2141,sanket
2142,sanket
2143,sanket
2144,sanket
2145,sanket
2146,sanket
2147,sanket
2148,sanket
2149,sanket
2150,sanket
2151,sanket
2152,sanket
2153,sanket
2154,sanket
2155,sanket
2156,sanket
2157,sanket
2158,sanket
2159,sanket
2160,sanket
2161,sanket
2162,sanket
2163,sanket
2164,sanket
2165,sanket
2166,sanket
2167,sanket
2168,sanket
2169,sanket
2170,sanket
2171,sanket
2172,sanket
2173,sanket
2174,sanket
2175,sanket
2176,sanket
2177,sanket
2178,sanket
2179,sanket
2180,sanket
2181,sanket
2182,sanket
2183,sanket
2184,sanket
2185,sanket
2186,sanket
2187,sanket
2188,sanket
2189,sanket
2190,sanket
2191,sanket
2192,sanket
2193,sanket
2194,sanket
2195,sanket
2196,sanket
2197,sanket
2198,sanket
2199,sanket
2200,sanket
2201,sanket
2202,sanket
2203,sanket
2204,sanket
2205,sanket
2206,sanket
2207,sanket
2208,sanket
2209,sanket
2210,sanket
2211,sanket
2212,sanket
2213,sanket
2214,sanket
2215,sanket
2216,sanket
2217,sanket
2218,sanket
2219,sanket
2220,sanket
2221,sanket
2222,sanket
2223,sanket
2224,sanket
2225,sanket
2226,sanket
2227,sanket
2228,sanket
2229,sanket
2230,sanket
2231,sanket
2232,sanket
2233,sanket
2234,sanket
2235,sanket
2236,sanket
2237,sanket
2238,sanket
2239,sanket
2240,sanket
2241,sanket
2242,sanket
2243,sanket
2244,sanket
2245,sanket
2246,sanket
2247,sanket
2248,sanket
2249,sanket
2250,sanket
2251,sanket
2252,sanket
2253,sanket
2254,sanket
2255,sanket
2256,sanket
2257,sanket
2258,sanket
2259,sanket
2260,sanket
2261,sanket
2262,sanket
2263,sanket
2264,sanket
2265,sanket
2266,sanket
2267,sanket
2268,sanket
2269,sanket
2270,sanket
2271,sanket
2272,sanket
2273,sanket
2274,sanket
2275,sanket
2276,sanket
2277,sanket
2278,sanket
2279,sanket
2280,sanket
2281,sanket
2282,sanket
2283,sanket
2284,sanket
2285,sanket
2286,sanket
2287,sanket
2288,sanket
2289,sanket
2290,sanket
2291,sanket
2292,sanket
2293,sanket
2294,sanket
2295,sanket
2296,sanket
2297,sanket
2298,sanket
2299,sanket
2300,sanket
2301,sanket
2302,sanket
2303,sanket
2304,sanket
2305,sanket
2306,sanket
2307,sanket
2308,sanket
2309,sanket
2310,sanket
2311,sanket
2312,sanket
2313,sanket
2314,sanket
2315,sanket
2316,sanket
2317,sanket
2318,sanket
2319,sanket
2320,sanket
2321,sanket
2322,sanket
2323,sanket
2324,sanket
2325,sanket
2326,sanket
2327,sanket
2328,sanket
2329,sanket
2330,sanket
2331,sanket
2332,sanket
2333,sanket
2334,sanket
2335,sanket
2336,sanket
2337,sanket
2338,sanket
2339,sanket
2340,sanket
2341,sanket
2342,sanket
2343,sanket
2344,sanket
2345,sanket
2346,sanket
2347,sanket
2348,sanket
2349,sanket
2350,sanket
2351,sanket
2352,sanket
2353,sanket
2354,sanket
2355,sanket
2356,sanket
2357,sanket
2358,sanket
2359,sanket
2360,sanket
2361,sanket
2362,sanket
2363,sanket
2364,sanket
2365,sanket
2366,sanket
2367,sanket
2368,sanket
2369,sanket
2370,sanket
2371,sanket
2372,sanket
2373,sanket
2374,sanket
2375,sanket
2376,sanket
2377,sanket
2378,sanket
2379,sanket
2380,sanket
2381,sanket
2382,sanket
2383,sanket
2384,sanket
2385,sanket
2386,sanket
2387,sanket
2388,sanket
2389,sanket
2390,sanket
2391,sanket
2392,sanket
2393,sanket
2394,sanket
2395,sanket
2396,sanket
2397,sanket
2398,sanket
2399,sanket
2400,sanket
2401,sanket
2402,rahul
2403,rahul
2404,rahul
2405,rahul
2406,rahul
2407,rahul
2408,rahul
2409,rahul
2410,rahul
2411,rahul
2412,rahul
2413,rahul
2414,rahul
2415,rahul
2416,rahul
2417,rahul
2418,rahul
2419,rahul
2420,rahul
2421,rahul
2422,rahul
2423,rahul
2424,rahul
2425,rahul
2426,rahul
2427,rahul
2428,rahul
2429,rahul
2430,rahul
2431,rahul
2432,rahul
2433,rahul
2434,rahul
2435,rahul
2436,rahul
2437,rahul
2438,rahul
2439,rahul
2440,rahul
2441,rahul
2442,rahul
2443,rahul
2444,rahul
2445,rahul
2446,rahul
2447,rahul
2448,rahul
2449,rahul
2450,rahul
2451,rahul
2452,rahul
2453,rahul
2454,rahul
2455,rahul
2456,rahul
2457,rahul
2458,rahul
2459,rahul
2460,rahul
2461,rahul
2462,rahul
2463,rahul
2464,rahul
2465,rahul
2466,rahul
2467,rahul
2468,rahul
2469,rahul
2470,rahul
2471,rahul
2472,rahul
2473,rahul
2474,rahul
2475,rahul
2476,rahul
2477,rahul
2478,rahul
2479,rahul
2480,rahul
2481,rahul
2482,rahul
2483,rahul
2484,rahul
2485,rahul
2486,rahul
2487,rahul
2488,rahul
2489,rahul
2490,rahul
2491,rahul
2492,rahul
2493,rahul
2494,rahul
2495,rahul
2496,rahul
2497,rahul
2498,rahul
2499,rahul
2500,rahul
2501,rahul
2502,rahul
2503,rahul
2504,rahul
2505,rahul
2506,rahul
2507,rahul
2508,rahul
2509,rahul
2510,rahul
2511,rahul
2512,rahul
2513,rahul
2514,rahul
2515,rahul
2516,rahul
2517,rahul
2518,rahul
2519,rahul
2520,rahul
2521,rahul
2522,rahul
2523,rahul
2524,rahul
2525,rahul
2526,rahul
2527,rahul
2528,rahul
2529,rahul
2530,rahul
2531,rahul
2532,rahul
2533,rahul
2534,rahul
2535,rahul
2536,rahul
2537,rahul
2538,rahul
2539,rahul
2540,rahul
2541,rahul
2542,rahul
2543,rahul
2544,rahul
2545,rahul
2546,rahul
2547,rahul
2548,rahul
2549,rahul
2550,rahul
2551,rahul
2552,rahul
2553,rahul
2554,rahul
2555,rahul
2556,rahul
2557,rahul
2558,rahul
2559,rahul
2560,rahul
2561,rahul
2562,rahul
2563,rahul
2564,rahul
2565,rahul
2566,rahul
2567,rahul
2568,rahul
2569,rahul
2570,rahul
2571,rahul
2572,rahul
2573,rahul
2574,rahul
2575,rahul
2576,rahul
2577,rahul
2578,rahul
2579,rahul
2580,rahul
2581,rahul
2582,rahul
2583,rahul
2584,rahul
2585,rahul
2586,rahul
2587,rahul
2588,rahul
2589,rahul
2590,rahul
2591,rahul
2592,rahul
2593,rahul
2594,rahul
2595,rahul
2596,rahul
2597,rahul
2598,rahul
2599,rahul
2600,rahul
2601,rahul
2602,rahul
2603,rahul
2604,rahul
2605,rahul
2606,rahul
2607,rahul
2608,rahul
2609,rahul
2610,rahul
2611,rahul
2612,rahul
2613,rahul
2614,rahul
2615,rahul
2616,rahul
2617,rahul
2618,rahul
2619,rahul
2620,rahul
2621,rahul
2622,rahul
2623,rahul
2624,rahul
2625,rahul
2626,rahul
2627,rahul
2628,rahul
2629,rahul
2630,rahul
2631,rahul
2632,rahul
2633,rahul
2634,rahul
2635,rahul
2636,rahul
2637,rahul
2638,rahul
2639,rahul
2640,rahul
2641,rahul
2642,rahul
2643,rahul
2644,rahul
2645,rahul
2646,rahul
2647,rahul
2648,rahul
2649,rahul
2650,rahul
2651,rahul
2652,rahul
2653,rahul
2654,rahul
2655,rahul
2656,rahul
2657,rahul
2658,rahul
2659,rahul
2660,rahul
2661,rahul
2662,rahul
2663,rahul
2664,rahul
2665,rahul
2666,rahul
2667,rahul
2668,rahul
2669,rahul
2670,rahul
2671,rahul
2672,rahul
2673,rahul
2674,rahul
2675,rahul
2676,rahul
2677,rahul
2678,rahul
2679,rahul
2680,rahul
2681,rahul
2682,rahul
2683,rahul
2684,rahul
2685,rahul
2686,rahul
2687,rahul
2688,rahul
2689,rahul
2690,rahul
2691,rahul
2692,rahul
2693,rahul
2694,rahul
2695,rahul
2696,rahul
2697,rahul
2698,rahul
2699,rahul
2700,rahul
2701,rahul
2702,rahul
2703,rahul
2704,rahul
2705,rahul
2706,rahul
2707,rahul
2708,rahul
2709,rahul
2710,rahul
2711,rahul
2712,rahul
2713,rahul
2714,rahul
2715,rahul
2716,rahul
2717,rahul
2718,rahul
2719,rahul
2720,rahul
2721,rahul
2722,rahul
2723,rahul
2724,rahul
2725,rahul
2726,rahul
2727,rahul
2728,rahul
2729,rahul
2730,rahul
2731,rahul
2732,rahul
2733,rahul
2734,rahul
2735,rahul
2736,rahul
2737,rahul
2738,rahul
2739,rahul
2740,rahul
2741,rahul
2742,rahul
2743,rahul
2744,rahul
2745,rahul
2746,rahul
2747,rahul
2748,rahul
2749,rahul
2750,rahul
2751,rahul
2752,rahul
2753,rahul
2754,rahul
2755,rahul
2756,rahul
2757,rahul
2758,rahul
2759,rahul
2760,rahul
2761,rahul
2762,rahul
2763,rahul
2764,rahul
2765,rahul
2766,rahul
2767,rahul
2768,rahul
2769,rahul
2770,rahul
2771,rahul
2772,rahul
2773,rahul
2774,rahul
2775,rahul
2776,rahul
2777,rahul
2778,rahul
2779,rahul
2780,rahul
2781,rahul
2782,rahul
2783,rahul
2784,rahul
2785,rahul
2786,rahul
2787,rahul
2788,rahul
2789,rahul
2790,rahul
2791,rahul
2792,rahul
2793,rahul
2794,rahul
2795,rahul
2796,rahul
2797,rahul
2798,rahul
2799,rahul
2800,rahul
2801,rahul
2802,rahul
2803,rahul
2804,rahul
2805,rahul
2806,rahul
2807,rahul
2808,rahul
2809,rahul
2810,rahul
2811,rahul
2812,rahul
2813,rahul
2814,rahul
2815,rahul
2816,rahul
2817,rahul
2818,rahul
2819,rahul
2820,rahul
2821,rahul
2822,rahul
2823,rahul
2824,rahul
2825,rahul
2826,rahul
2827,rahul
2828,rahul
2829,rahul
2830,rahul
2831,rahul
2832,rahul
2833,rahul
2834,rahul
2835,rahul
2836,rahul
2837,rahul
2838,rahul
2839,rahul
2840,rahul
2841,rahul
2842,rahul
2843,rahul
2844,rahul
2845,rahul
2846,rahul
2847,rahul
2848,rahul
2849,rahul
2850,rahul
2851,rahul
2852,rahul
2853,rahul
2854,rahul
2855,rahul
2856,rahul
2857,rahul
2858,rahul
2859,rahul
2860,rahul
2861,rahul
2862,rahul
2863,rahul
2864,rahul
2865,rahul
2866,rahul
2867,rahul
2868,rahul
2869,rahul
2870,rahul
2871,rahul
2872,rahul
2873,rahul
2874,rahul
2875,rahul
2876,rahul
2877,rahul
2878,rahul
2879,rahul
2880,rahul
2881,rahul
2882,rahul
2883,rahul
2884,rahul
2885,rahul
2886,rahul
2887,rahul
2888,rahul
2889,rahul
2890,rahul
2891,rahul
2892,rahul
2893,rahul
2894,rahul
2895,rahul
2896,rahul
2897,rahul
2898,rahul
2899,rahul
2900,rahul
2901,rahul
2902,rahul
2903,rahul
2904,rahul
2905,rahul
2906,rahul
2907,rahul
2908,rahul
2909,rahul
2910,rahul
2911,rahul
2912,rahul
2913,rahul
2914,rahul
2915,rahul
2916,rahul
2917,rahul
2918,rahul
2919,rahul
2920,rahul
2921,rahul
2922,rahul
2923,rahul
2924,rahul
2925,rahul
2926,rahul
2927,rahul
2928,rahul
2929,rahul
2930,rahul
2931,rahul
2932,rahul
2933,rahul
2934,rahul
2935,rahul
2936,rahul
2937,rahul
2938,rahul
2939,rahul
2940,rahul
2941,rahul
2942,rahul
2943,rahul
2944,rahul
2945,rahul
2946,rahul
2947,rahul
2948,rahul
2949,rahul
2950,rahul
2951,rahul
2952,rahul
2953,rahul
2954,rahul
2955,rahul
2956,rahul
2957,rahul
2958,rahul
2959,rahul
2960,rahul
2961,rahul
2962,rahul
2963,rahul
2964,rahul
2965,rahul
2966,rahul
2967,rahul
2968,rahul
2969,rahul
2970,rahul
2971,rahul
2972,rahul
2973,rahul
2974,rahul
2975,rahul
2976,rahul
2977,rahul
2978,rahul
2979,rahul
2980,rahul
2981,rahul
2982,rahul
2983,rahul
2984,rahul
2985,rahul
2986,rahul
2987,rahul
2988,rahul
2989,rahul
2990,rahul
2991,rahul
2992,rahul
2993,rahul
2994,rahul
2995,rahul
2996,rahul
2997,rahul
2998,rahul
2999,rahul
3000,rahul
3001,rahul
3002,rahul
3003,rahul
3004,rahul
3005,rahul
3006,rahul
3007,rahul
3008,rahul
3009,papu
3010,papu
3011,papu
3012,papu
3013,papu
3014,papu
3015,papu
3016,papu
3017,papu
3018,papu
3019,papu
3020,papu
3021,papu
3022,papu
3023,papu
3024,papu
3025,papu
3026,papu
3027,papu
3028,papu
3029,papu
3030,papu
3031,papu
3032,papu
3033,papu
3034,papu
3035,papu
3036,papu
3037,papu
3038,papu
3039,papu
3040,papu
3041,papu
3042,papu
3043,papu
3044,papu
3045,papu
3046,papu
3047,papu
3048,papu
3049,papu
3050,papu
3051,papu
3052,papu
3053,papu
3054,papu
3055,papu
3056,papu
3057,papu
3058,papu
3059,papu
3060,papu
3061,papu
3062,papu
3063,papu
3064,papu
3065,papu
3066,papu
3067,papu
3068,papu
3069,papu
3070,papu
3071,papu
3072,papu
3073,papu
3074,papu
3075,papu
3076,papu
3077,papu
3078,papu
3079,papu
3080,papu
3081,papu
3082,papu
3083,papu
3084,papu
3085,papu
3086,papu
3087,papu
3088,papu
3089,papu
3090,papu
3091,papu
3092,papu
3093,papu
3094,papu
3095,papu
3096,papu
3097,papu
3098,papu
3099,papu
3100,papu
3101,papu
3102,papu
3103,papu
3104,papu
3105,papu
3106,papu
3107,papu
3108,papu
3109,papu
3110,papu
3111,papu
3112,papu
3113,papu
3114,papu
3115,papu
3116,papu
3117,papu
3118,papu
3119,papu
3120,papu
3121,papu
3122,papu
3123,papu
3124,papu
3125,papu
3126,papu
3127,papu
3128,papu
3129,papu
3130,papu
3131,papu
3132,papu
3133,papu
3134,papu
3135,papu
3136,papu
3137,papu
3138,papu
3139,papu
3140,papu
3141,papu
3142,papu
3143,papu
3144,papu
3145,papu
3146,papu
3147,papu
3148,papu
3149,papu
3150,papu
3151,papu
3152,papu
3153,papu
3154,papu
3155,papu
3156,papu
3157,papu
3158,papu
3159,papu
3160,papu
3161,papu
3162,papu
3163,papu
3164,papu
3165,papu
3166,papu
3167,papu
3168,papu
3169,papu
3170,papu
3171,papu
3172,papu
3173,papu
3174,papu
3175,papu
3176,papu
3177,papu
3178,papu
3179,papu
3180,papu
3181,papu
3182,papu
3183,papu
3184,papu
3185,papu
3186,papu
3187,papu
3188,papu
3189,papu
3190,papu
3191,papu
3192,papu
3193,papu
3194,papu
3195,papu
3196,papu
3197,papu
3198,papu
3199,papu
3200,papu
3201,papu
3202,papu
3203,papu
3204,papu
3205,papu
3206,papu
3207,papu
3208,papu
3209,papu
3210,papu
3211,papu
3212,papu
3213,papu
3214,papu
3215,papu
3216,papu
3217,papu
3218,papu
3219,papu
3220,papu
3221,papu
3222,papu
3223,papu
3224,papu
3225,papu
3226,papu
3227,papu
3228,papu
3229,papu
3230,papu
3231,papu
3232,papu
3233,papu
3234,papu
3235,papu
3236,papu
3237,papu
3238,papu
3239,papu
3240,papu
3241,papu
3242,papu
3243,papu
3244,papu
3245,papu
3246,papu
3247,papu
3248,papu
3249,papu
3250,papu
3251,papu
3252,papu
3253,papu
3254,papu
3255,papu
3256,papu
3257,papu
3258,papu
3259,papu
3260,papu
3261,papu
3262,papu
3263,papu
3264,papu
3265,papu
3266,papu
3267,papu
3268,papu
3269,papu
3270,papu
3271,papu
3272,papu
3273,papu
3274,papu
3275,papu
3276,papu
3277,papu
3278,papu
3279,papu
3280,papu
3281,papu
3282,papu
3283,papu
3284,papu
3285,papu
3286,papu
3287,papu
3288,papu
3289,papu
3290,papu
3291,papu
3292,papu
3293,papu
3294,papu
3295,papu
3296,papu
3297,papu
3298,papu
3299,papu
3300,papu
3301,papu
3302,papu
3303,papu
3304,papu
3305,papu
3306,papu
3307,papu
3308,papu
3309,papu
3310,papu
3311,papu
3312,papu
3313,papu
3314,papu
3315,papu
3316,papu
3317,papu
3318,papu
3319,papu
3320,papu
3321,papu
3322,papu
3323,papu
3324,papu
3325,papu
3326,papu
3327,papu
3328,papu
3329,papu
3330,papu
3331,papu
3332,papu
3333,papu
3334,papu
3335,papu
3336,papu
3337,papu
3338,papu
3339,papu
3340,papu
3341,papu
3342,papu
3343,papu
3344,papu
3345,papu
3346,papu
3347,papu
3348,papu
3349,papu
3350,papu
3351,papu
3352,papu
3353,papu
3354,papu
3355,papu
3356,papu
3357,papu
3358,papu
3359,papu
3360,papu
3361,papu
3362,papu
3363,papu
3364,papu
3365,papu
3366,papu
3367,papu
3368,papu
3369,papu
3370,papu
3371,papu
3372,papu
3373,papu
3374,papu
3375,papu
3376,papu
3377,papu
3378,papu
3379,papu
3380,papu
3381,papu
3382,papu
3383,papu
3384,papu
3385,papu
3386,papu
3387,papu
3388,papu
3389,papu
3390,papu
3391,papu
3392,papu
3393,papu
3394,papu
3395,papu
3396,papu
3397,papu
3398,papu
3399,papu
3400,papu
3401,papu
3402,papu
3403,papu
3404,papu
3405,papu
3406,papu
3407,papu
3408,papu
3409,papu
3410,papu
3411,papu
3412,papu
3413,papu
3414,papu
3415,papu
3416,papu
3417,papu
3418,papu
3419,papu
3420,papu
3421,papu
3422,papu
3423,papu
3424,papu
3425,papu
3426,papu
3427,papu
3428,papu
3429,papu
3430,papu
3431,papu
3432,papu
3433,papu
3434,papu
3435,papu
3436,papu
3437,papu
3438,papu
3439,papu
3440,papu
3441,papu
3442,papu
3443,papu
3444,papu
3445,papu
3446,papu
3447,papu
3448,papu
3449,papu
3450,papu
3451,papu
3452,papu
3453,papu
3454,papu
3455,papu
3456,papu
3457,papu
3458,papu
3459,papu
3460,papu
3461,papu
3462,papu
3463,papu
3464,papu
3465,papu
3466,papu
3467,papu
3468,papu
3469,papu
3470,papu
3471,papu
3472,papu
3473,papu
3474,papu
3475,papu
3476,papu
3477,papu
3478,papu
3479,papu
3480,papu
3481,papu
3482,papu
3483,papu
3484,papu
3485,papu
3486,papu
3487,papu
3488,papu
3489,papu
3490,papu
3491,papu
3492,papu
3493,papu
3494,papu
3495,papu
3496,papu
3497,papu
3498,papu
3499,papu
3500,papu
3501,papu
3502,papu
3503,papu
3504,papu
3505,papu
3506,papu
3507,papu
3508,papu
3509,papu
3510,papu
3511,papu
3512,papu
3513,papu
3514,papu
3515,papu
3516,papu
3517,papu
3518,papu
3519,papu
3520,papu
3521,papu
3522,papu
3523,papu
3524,papu
3525,papu
3526,papu
3527,papu
3528,papu
3529,papu
3530,papu
3531,papu
3532,papu
3533,papu
3534,papu
3535,papu
3536,papu
3537,papu
3538,papu
3539,papu
3540,papu
3541,papu
3542,papu
3543,papu
3544,papu
3545,papu
3546,papu
3547,papu
3548,papu
3549,papu
3550,papu
3551,papu
3552,papu
3553,papu
3554,papu
3555,papu
3556,papu
3557,papu
3558,papu
3559,papu
3560,papu
3561,papu
3562,papu
3563,papu
3564,papu
3565,papu
3566,papu
3567,papu
3568,papu
3569,papu
3570,papu
3571,papu
3572,papu
3573,papu
3574,papu
3575,papu
3576,papu
3577,papu
3578,papu
3579,papu
3580,papu
3581,papu
3582,papu
3583,papu
3584,papu
3585,papu
3586,papu
3587,papu
3588,papu
3589,papu
3590,papu
3591,papu
3592,papu
3593,papu
3594,papu
3595,papu
3596,papu
3597,papu
3598,papu
3599,papu
3600,papu
3601,papu
3602,papu
3603,papu
3604,papu
3605,papu
3606,papu
3607,papu
3608,papu
3609,papu
3610,papu
3611,papu
3612,papu
3613,papu
3614,papu
3615,papu
3616,papu
3617,papu
3618,papu
3619,papu
3620,papu
3621,papu
3622,papu
3623,papu
3624,papu
3625,papu
3626,papu
3627,papu
3628,papu
3629,papu
3630,papu
3631,papu
3632,papu
3633,papu
3634,papu
3635,papu
3636,papu
3637,papu
3638,papu
3639,papu
3640,papu
3641,papu
3642,papu
3643,papu
3644,papu
3645,papu
3646,papu
3647,papu
3648,papu
3649,papu
3650,papu
3651,papu
3652,papu
3653,papu
3654,papu
3655,papu
3656,papu
3657,papu
3658,papu
3659,papu
3660,papu
3661,papu
3662,papu
3663,papu
3664,papu
3665,papu
3666,papu
3667,papu
3668,papu
3669,papu
3670,papu
3671,papu
3672,papu
3673,papu
3674,papu
3675,papu
3676,papu
3677,papu
3678,papu
3679,papu
3680,papu
3681,papu
3682,papu
3683,papu
3684,papu
3685,papu
3686,papu
3687,papu
3688,papu
3689,papu
3690,papu
3691,papu
3692,papu
3693,papu
3694,papu
3695,papu
3696,papu
3697,papu
3698,papu
3699,papu
3700,papu
3701,papu
3702,papu
3703,papu
3704,papu
3705,papu
3706,papu
3707,papu
3708,papu
3709,papu
3710,papu
3711,papu
3712,papu
3713,papu
3714,papu
3715,papu
3716,papu
3717,papu
3718,papu
3719,papu
3720,papu
3721,papu
3722,papu
3723,papu
3724,papu
3725,papu
3726,papu
3727,papu
3728,papu
3729,papu
3730,papu
3731,papu
3732,papu
3733,papu
3734,papu
3735,papu
3736,papu
3737,papu
3738,papu
3739,papu
3740,papu
3741,papu
3742,papu
3743,papu
3744,papu
3745,papu
3746,papu
3747,papu
3748,papu
3749,papu
3750,papu
3751,papu
3752,papu
3753,papu
3754,papu
3755,papu
3756,papu
3757,papu
3758,papu
3759,papu
3760,papu
3761,papu
3762,papu
3763,papu
3764,papu
3765,papu
3766,papu
3767,papu
3768,papu
3769,papu
3770,papu
3771,papu
3772,papu
3773,papu
3774,papu
3775,papu
3776,papu
3777,papu
3778,papu
3779,papu
3780,papu
3781,papu
3782,papu
3783,papu
3784,papu
3785,papu
3786,papu
3787,papu
3788,papu
3789,papu
3790,papu
3791,papu
3792,papu
3793,papu
3794,papu
3795,papu
3796,papu
3797,papu
3798,papu
3799,papu
3800,papu
3801,papu
3802,papu
3803,papu
3804,papu
3805,papu
3806,papu
3807,papu
3808,papu
3809,papu
3810,papu
3811,papu
3812,papu
3813,papu
3814,papu
3815,papu
3816,papu
3817,papu
3818,papu
3819,papu
3820,papu
3821,papu
3822,papu
3823,papu
3824,papu
3825,papu
3826,papu
3827,priti
3828,priti
3829,priti
3830,priti
3831,priti
3832,priti
3833,priti
3834,priti
3835,priti
3836,priti
3837,priti
3838,priti
3839,priti
3840,priti
3841,priti
3842,priti
3843,priti
3844,priti
3845,priti
3846,priti
3847,priti
3848,priti
3849,priti
3850,priti
3851,priti
3852,priti
3853,priti
3854,priti
3855,priti
3856,priti
3857,priti
3858,priti
3859,priti
3860,priti
3861,priti
3862,priti
3863,priti
3864,priti
3865,priti
3866,priti
3867,priti
3868,priti
3869,priti
3870,priti
3871,priti
3872,priti
3873,priti
3874,priti
3875,priti
3876,priti
3877,priti
3878,priti
3879,priti
3880,priti
3881,priti
3882,priti
3883,priti
3884,priti
3885,priti
3886,priti
3887,priti
3888,priti
3889,priti
3890,priti
3891,priti
3892,priti
3893,priti
3894,priti
3895,priti
3896,priti
3897,priti
3898,priti
3899,priti
3900,priti
3901,priti
3902,priti
3903,priti
3904,priti
3905,priti
3906,priti
3907,priti
3908,priti
3909,priti
3910,priti
3911,priti
3912,priti
3913,priti
3914,priti
3915,priti
3916,priti
3917,priti
3918,priti
3919,priti
3920,priti
3921,priti
3922,priti
3923,priti
3924,priti
3925,priti
3926,priti
3927,priti
3928,priti
3929,priti
3930,priti
3931,priti
3932,priti
3933,priti
3934,priti
3935,priti
3936,priti
3937,priti
3938,priti
3939,priti
3940,priti
3941,priti
3942,priti
3943,priti
3944,priti
3945,priti
3946,priti
3947,priti
3948,priti
3949,priti
3950,priti
3951,priti
3952,priti
3953,priti
3954,priti
3955,priti
3956,priti
3957,priti
3958,priti
3959,priti
3960,priti
3961,priti
3962,priti
3963,priti
3964,priti
3965,priti
3966,priti
3967,priti
3968,priti
3969,priti
3970,priti
3971,priti
3972,priti
3973,priti
3974,priti
3975,priti
3976,priti
3977,priti
3978,priti
3979,priti
3980,priti
3981,priti
3982,priti
3983,priti
3984,priti
3985,priti
3986,priti
3987,priti
3988,priti
3989,priti
3990,priti
3991,priti
3992,priti
3993,priti
3994,priti
3995,priti
3996,priti
3997,priti
3998,priti
3999,priti
4000,priti
4001,priti
4002,priti
4003,priti
4004,priti
4005,priti
4006,priti
4007,priti
4008,priti
4009,priti
4010,priti
4011,priti
4012,priti
4013,priti
4014,priti
4015,priti
4016,priti
4017,priti
4018,priti
4019,priti
4020,priti
4021,priti
4022,priti
4023,priti
4024,priti
4025,priti
4026,priti
4027,priti
4028,priti
4029,priti
4030,priti
4031,priti
4032,priti
4033,priti
4034,priti
4035,priti
4036,priti
4037,priti
4038,priti
4039,priti
4040,priti
4041,priti
4042,priti
4043,priti
4044,priti
4045,priti
4046,priti
4047,priti
4048,priti
4049,priti
4050,priti
4051,priti
4052,priti
4053,priti
4054,priti
4055,priti
4056,priti
4057,priti
4058,priti
4059,priti
4060,priti
4061,priti
4062,priti
4063,priti
4064,priti
4065,priti
4066,priti
4067,priti
4068,priti
4069,priti
4070,priti
4071,priti
4072,priti
4073,priti
4074,priti
4075,priti
4076,priti
4077,priti
4078,priti
4079,priti
4080,priti
4081,priti
4082,priti
4083,priti
4084,priti
4085,priti
4086,priti
4087,priti
4088,priti
4089,priti
4090,priti
4091,priti
4092,priti
4093,priti
4094,priti
4095,priti
4096,priti
4097,priti
4098,priti
4099,priti
4100,priti
4101,priti
4102,priti
4103,priti
4104,priti
4105,priti
4106,priti
4107,priti
4108,priti
4109,priti
4110,priti
4111,priti
4112,priti
4113,priti
4114,priti
4115,priti
4116,priti
4117,priti
4118,priti
4119,priti
4120,priti
4121,priti
4122,priti
4123,priti
4124,priti
4125,priti
4126,priti
4127,priti
4128,priti
4129,priti
4130,priti
4131,priti
4132,priti
4133,priti
4134,priti
4135,priti
4136,priti
4137,priti
4138,priti
4139,priti
4140,priti
4141,priti
4142,priti
4143,priti
4144,priti
4145,priti
4146,priti
4147,priti
4148,priti
4149,priti
4150,priti
4151,priti
4152,priti
4153,priti
4154,priti
4155,priti
4156,priti
4157,priti
4158,priti
4159,priti
4160,priti
4161,priti
4162,priti
4163,priti
4164,priti
4165,priti
4166,priti
4167,priti
4168,priti
4169,priti
4170,priti
4171,priti
4172,priti
4173,priti
4174,priti
4175,priti
4176,priti
4177,priti
4178,priti
4179,priti
4180,priti
4181,priti
4182,priti
4183,priti
4184,priti
4185,priti
4186,priti
4187,priti
4188,priti
4189,priti
4190,priti
4191,priti
4192,priti
4193,priti
4194,priti
4195,priti
4196,priti
4197,priti
4198,priti
4199,priti
4200,priti
4201,priti
4202,priti
4203,priti
4204,priti
4205,priti
4206,priti
4207,priti
4208,priti
4209,priti
4210,priti
4211,priti
4212,priti
4213,priti
4214,priti
4215,priti
4216,priti
4217,priti
4218,priti
4219,priti
4220,priti
4221,priti
4222,priti
4223,priti
4224,priti
4225,priti
4226,priti
4227,priti
4228,priti
4229,priti
4230,priti
4231,priti
4232,priti
4233,priti
4234,priti
4235,priti
4236,priti
4237,priti
4238,priti
4239,priti
4240,priti
4241,priti
4242,priti
4243,priti
4244,priti
4245,priti
4246,priti
4247,priti
4248,priti
4249,priti
4250,priti
4251,priti
4252,priti
4253,priti
4254,priti
4255,priti
4256,priti
4257,priti
4258,priti
4259,priti
4260,priti
4261,priti
4262,priti
4263,priti
4264,priti
4265,priti
4266,priti
4267,priti
4268,priti
4269,priti
4270,priti
4271,laxmi
4272,laxmi
4273,laxmi
4274,laxmi
4275,laxmi
4276,laxmi
4277,laxmi
4278,laxmi
4279,laxmi
4280,laxmi
4281,laxmi
4282,laxmi
4283,laxmi
4284,laxmi
4285,laxmi
4286,laxmi
4287,laxmi
4288,laxmi
4289,laxmi
4290,laxmi
4291,laxmi
4292,laxmi
4293,laxmi
4294,laxmi
4295,laxmi
4296,laxmi
4297,laxmi
4298,laxmi
4299,laxmi
4300,laxmi
4301,laxmi
4302,laxmi
4303,laxmi
4304,laxmi
4305,laxmi
4306,laxmi
4307,laxmi
4308,laxmi
4309,laxmi
4310,laxmi
4311,laxmi
4312,laxmi
4313,laxmi
4314,laxmi
4315,laxmi
4316,laxmi
4317,laxmi
4318,laxmi
4319,laxmi
4320,laxmi
4321,laxmi
4322,laxmi
4323,laxmi
4324,laxmi
4325,laxmi
4326,laxmi
4327,laxmi
4328,laxmi
4329,laxmi
4330,laxmi
4331,laxmi
4332,laxmi
4333,laxmi
4334,laxmi
4335,laxmi
4336,laxmi
4337,laxmi
4338,laxmi
4339,laxmi
4340,laxmi
4341,laxmi
4342,laxmi
4343,laxmi
4344,laxmi
4345,laxmi
4346,laxmi
4347,laxmi
4348,laxmi
4349,laxmi
4350,laxmi
4351,laxmi
4352,laxmi
4353,laxmi
4354,laxmi
4355,laxmi
4356,laxmi
4357,laxmi
4358,laxmi
4359,laxmi
4360,laxmi
4361,laxmi
4362,laxmi
4363,laxmi
4364,laxmi
4365,laxmi
4366,laxmi
4367,laxmi
4368,laxmi
4369,laxmi
4370,laxmi
4371,laxmi
4372,laxmi
4373,laxmi
4374,laxmi
4375,laxmi
4376,laxmi
4377,laxmi
4378,laxmi
4379,laxmi
4380,laxmi
4381,laxmi
4382,laxmi
4383,laxmi
4384,laxmi
4385,laxmi
4386,laxmi
4387,laxmi
4388,laxmi
4389,laxmi
4390,laxmi
4391,laxmi
4392,laxmi
4393,laxmi
4394,laxmi
4395,laxmi
4396,laxmi
4397,laxmi
4398,laxmi
4399,laxmi
4400,laxmi
4401,laxmi
4402,laxmi
4403,laxmi
4404,laxmi
4405,laxmi
4406,laxmi
4407,laxmi
4408,laxmi
4409,laxmi
4410,laxmi
4411,laxmi
4412,laxmi
4413,laxmi
4414,laxmi
4415,laxmi
4416,laxmi
4417,laxmi
4418,laxmi
4419,laxmi
4420,laxmi
4421,laxmi
4422,laxmi
4423,laxmi
4424,laxmi
4425,laxmi
4426,laxmi
4427,laxmi
4428,laxmi
4429,laxmi
4430,laxmi
4431,laxmi
4432,laxmi
4433,laxmi
4434,laxmi
4435,laxmi
4436,laxmi
4437,laxmi
4438,laxmi
4439,laxmi
4440,laxmi
4441,laxmi
4442,laxmi
4443,laxmi
4444,laxmi
4445,laxmi
4446,laxmi
4447,laxmi
4448,laxmi
4449,laxmi
4450,laxmi
4451,laxmi
4452,laxmi
4453,laxmi
4454,laxmi
4455,laxmi
4456,laxmi
4457,laxmi
4458,laxmi
4459,laxmi
4460,laxmi
4461,laxmi
4462,laxmi
4463,laxmi
4464,laxmi
4465,laxmi
4466,laxmi
4467,laxmi
4468,laxmi
4469,laxmi
4470,laxmi
4471,laxmi
4472,laxmi
4473,laxmi
4474,laxmi
4475,laxmi
4476,laxmi
4477,laxmi
4478,laxmi
4479,laxmi
4480,laxmi
4481,laxmi
4482,laxmi
4483,laxmi
4484,laxmi
4485,laxmi
4486,laxmi
4487,laxmi
4488,laxmi
4489,laxmi
4490,laxmi
4491,laxmi
4492,laxmi
4493,laxmi
4494,laxmi
4495,laxmi
4496,laxmi
4497,laxmi
4498,laxmi
4499,laxmi
4500,laxmi
4501,laxmi
4502,laxmi
4503,laxmi
4504,laxmi
4505,laxmi
4506,laxmi
4507,laxmi
4508,laxmi
4509,laxmi
4510,laxmi
4511,laxmi
4512,laxmi
4513,laxmi
4514,laxmi
4515,laxmi
4516,laxmi
4517,laxmi
4518,laxmi
4519,laxmi
4520,laxmi
4521,laxmi
4522,laxmi
4523,laxmi
4524,laxmi
4525,laxmi
4526,laxmi
4527,laxmi
4528,laxmi
4529,laxmi
4530,laxmi
4531,laxmi
4532,laxmi
4533,laxmi
4534,laxmi
4535,laxmi
4536,laxmi
4537,laxmi
4538,laxmi
4539,laxmi
4540,laxmi
4541,laxmi
4542,laxmi
4543,laxmi
4544,laxmi
4545,laxmi
4546,laxmi
4547,laxmi
4548,laxmi
4549,laxmi
4550,laxmi
4551,laxmi
4552,laxmi
4553,laxmi
4554,laxmi
4555,laxmi
4556,laxmi
4557,laxmi
4558,laxmi
4559,laxmi
4560,laxmi
4561,laxmi
4562,laxmi
4563,laxmi
4564,laxmi
4565,laxmi
4566,laxmi
4567,laxmi
4568,laxmi
4569,laxmi
4570,laxmi
4571,laxmi
4572,laxmi
4573,laxmi
4574,laxmi
4575,laxmi
4576,laxmi
4577,laxmi
4578,laxmi
4579,laxmi
4580,laxmi
4581,laxmi
4582,laxmi
4583,laxmi
4584,laxmi
4585,laxmi
4586,laxmi
4587,laxmi
4588,laxmi
4589,laxmi
4590,laxmi
4591,laxmi
4592,laxmi
4593,laxmi
4594,laxmi
4595,laxmi
4596,laxmi
4597,laxmi
4598,laxmi
4599,laxmi
4600,laxmi
4601,laxmi
4602,laxmi
4603,laxmi
4604,laxmi
4605,laxmi
4606,laxmi
4607,laxmi
4608,laxmi
4609,laxmi
4610,laxmi
4611,laxmi
4612,laxmi
4613,laxmi
4614,laxmi
4615,laxmi
4616,laxmi
4617,laxmi
4618,laxmi
4619,laxmi
4620,laxmi
4621,laxmi
4622,laxmi
4623,laxmi
4624,laxmi
4625,laxmi
4626,laxmi
4627,laxmi
4628,laxmi
4629,laxmi
4630,laxmi
4631,laxmi
4632,laxmi
4633,laxmi
4634,laxmi
4635,laxmi
4636,laxmi
4637,laxmi
4638,laxmi
4639,laxmi
4640,laxmi
4641,laxmi
4642,laxmi
4643,laxmi
4644,laxmi
4645,laxmi
4646,laxmi
4647,laxmi
4648,laxmi
4649,laxmi
4650,laxmi
4651,laxmi
4652,laxmi
4653,laxmi
4654,laxmi
4655,laxmi
4656,laxmi
4657,laxmi
4658,laxmi
4659,laxmi
4660,laxmi
4661,laxmi
4662,laxmi
4663,laxmi
4664,laxmi
4665,laxmi
4666,laxmi
4667,laxmi
4668,laxmi
4669,laxmi
4670,laxmi
4671,laxmi
4672,laxmi
4673,laxmi
4674,laxmi
4675,laxmi
4676,laxmi
4677,laxmi
4678,laxmi
4679,laxmi
4680,laxmi
4681,laxmi
4682,laxmi
4683,laxmi
4684,laxmi
4685,laxmi
4686,laxmi
4687,laxmi
4688,laxmi
4689,laxmi
4690,laxmi
4691,laxmi
4692,laxmi
4693,laxmi
4694,laxmi
4695,laxmi
4696,laxmi
4697,laxmi
4698,laxmi
4699,laxmi
4700,laxmi
4701,laxmi
4702,laxmi
4703,laxmi
4704,laxmi
4705,laxmi
4706,laxmi
4707,laxmi
4708,laxmi
4709,laxmi
4710,laxmi
4711,laxmi
4712,laxmi
4713,laxmi
4714,laxmi
4715,laxmi
4716,laxmi
4717,laxmi
4718,laxmi
4719,laxmi
4720,laxmi
4721,laxmi
4722,laxmi
4723,laxmi
4724,laxmi
4725,laxmi
4726,laxmi
4727,laxmi
4728,laxmi
4729,laxmi
4730,laxmi
4731,laxmi
4732,laxmi
4733,laxmi
4734,laxmi
4735,laxmi
4736,laxmi
4737,laxmi
4738,laxmi
4739,laxmi
4740,laxmi
4741,laxmi
4742,laxmi
4743,laxmi
4744,laxmi
4745,laxmi
4746,laxmi
4747,laxmi
4748,laxmi
4749,laxmi
4750,laxmi
4751,laxmi
4752,laxmi
4753,laxmi
4754,laxmi
4755,laxmi
4756,laxmi
4757,laxmi
4758,laxmi
4759,laxmi
4760,laxmi
4761,laxmi
4762,laxmi
4763,laxmi
4764,laxmi
4765,laxmi
4766,laxmi
4767,laxmi
4768,laxmi
4769,laxmi
4770,laxmi
4771,laxmi
4772,laxmi
4773,laxmi
4774,laxmi
4775,laxmi
4776,laxmi
4777,laxmi
4778,laxmi
4779,laxmi
4780,laxmi
4781,laxmi
4782,laxmi
4783,laxmi
4784,laxmi
4785,laxmi
4786,laxmi
4787,laxmi
4788,laxmi
4789,laxmi
4790,laxmi
4791,laxmi
4792,laxmi
4793,laxmi
4794,laxmi
4795,laxmi
4796,laxmi
4797,sangram
4798,sangram
4799,sangram
4800,sangram
4801,sangram
4802,sangram
4803,sangram
4804,sangram
4805,sangram
4806,sangram
4807,sangram
4808,sangram
4809,sangram
4810,sangram
4811,sangram
4812,sangram
4813,sangram
4814,sangram
4815,sangram
4816,sangram
4817,sangram
4818,sangram
4819,sangram
4820,sangram
4821,sangram
4822,sangram
4823,sangram
4824,sangram
4825,sangram
4826,sangram
4827,sangram
4828,sangram
4829,sangram
4830,sangram
4831,sangram
4832,sangram
4833,sangram
4834,sangram
4835,sangram
4836,sangram
4837,sangram
4838,sangram
4839,sangram
4840,sangram
4841,sangram
4842,sangram
4843,sangram
4844,sangram
4845,sangram
4846,sangram
4847,sangram
4848,sangram
4849,sangram
4850,sangram
4851,sangram
4852,sangram
4853,sangram
4854,sangram
4855,sangram
4856,sangram
4857,sangram
4858,sangram
4859,sangram
4860,sangram
4861,sangram
4862,sangram
4863,sangram
4864,sangram
4865,sangram
4866,sangram
4867,sangram
4868,sangram
4869,sangram
4870,sangram
4871,sangram
4872,sangram
4873,sangram
4874,sangram
4875,sangram
4876,sangram
4877,sangram
4878,sangram
4879,sangram
4880,sangram
4881,sangram
4882,sangram
4883,sangram
4884,sangram
4885,sangram
4886,sangram
4887,sangram
4888,sangram
4889,sangram
4890,sangram
4891,sangram
4892,sangram
4893,sangram
4894,sangram
4895,sangram
4896,sangram
4897,sangram
4898,sangram
4899,sangram
4900,sangram
4901,sangram
4902,sangram
4903,sangram
4904,sangram
4905,sangram
4906,sangram
4907,sangram
4908,sangram
4909,sangram
4910,sangram
4911,sangram
4912,sangram
4913,sangram
4914,sangram
4915,sangram
4916,sangram
4917,sangram
4918,sangram
4919,sangram
4920,sangram
4921,sangram
4922,sangram
4923,sangram
4924,sangram
4925,sangram
4926,sangram
4927,sangram
4928,sangram
4929,sangram
4930,sangram
4931,sangram
4932,sangram
4933,sangram
4934,sangram
4935,sangram
4936,sangram
4937,sangram
4938,sangram
4939,sangram
4940,sangram
4941,sangram
4942,sangram
4943,sangram
4944,sangram
4945,sangram
4946,sangram
4947,sangram
4948,sangram
4949,sangram
4950,sangram
4951,sangram
4952,sangram
4953,sangram
4954,sangram
4955,sangram
4956,sangram
4957,sangram
4958,sangram
4959,sangram
4960,sangram
4961,sangram
4962,sangram
4963,sangram
4964,sangram
4965,sangram
4966,sangram
4967,sangram
4968,sangram
4969,sangram
4970,sangram
4971,sangram
4972,sangram
4973,sangram
4974,sangram
4975,sangram
4976,sangram
4977,sangram
4978,sangram
4979,sangram
4980,sangram
4981,sangram
4982,sangram
4983,sangram
4984,sangram
4985,sangram
4986,sangram
4987,sangram
4988,sangram
4989,sangram
4990,sangram
4991,sangram
4992,sangram
4993,sangram
4994,sangram
4995,sangram
4996,sangram
4997,sangram
4998,sangram
4999,sangram
5000,sangram
5001,sangram
5002,sangram
5003,sangram
5004,sangram
5005,sangram
5006,sangram
5007,sangram
5008,sangram
5009,sangram
5010,sangram
5011,sangram
5012,sangram
5013,sangram
5014,sangram
5015,sangram
5016,sangram
5017,sangram
5018,sangram
5019,sangram
5020,sangram
5021,sangram
5022,sangram
5023,sangram
5024,sangram
5025,sangram
5026,sangram
5027,sangram
5028,sangram
5029,sangram
5030,sangram
5031,sangram
5032,sangram
5033,sangram
5034,sangram
5035,sangram
5036,sangram
5037,sangram
5038,sangram
5039,sangram
5040,sangram
5041,sangram
5042,sangram
5043,sangram
5044,sangram
5045,sangram
5046,sangram
5047,sangram
5048,sangram
5049,sangram
5050,sangram
5051,sangram
5052,sangram
5053,sangram
5054,sangram
5055,sangram
5056,sangram
5057,sangram
5058,sangram
5059,sangram
5060,sangram
5061,sangram
5062,sangram
5063,sangram
5064,sangram
5065,sangram
5066,sangram
5067,sangram
5068,sangram
5069,sangram
5070,sangram
5071,sangram
5072,sangram
5073,sangram
5074,sangram
5075,sangram
5076,sangram
5077,sangram
5078,sangram
5079,sangram
5080,sangram
5081,sangram
5082,sangram
5083,sangram
5084,sangram
5085,sangram
5086,sangram
5087,sangram
5088,sangram
5089,sangram
5090,sangram
5091,sangram
5092,sangram
5093,sangram
5094,sangram
5095,sangram
5096,sangram
5097,sangram
5098,sangram
5099,sangram
5100,sangram
5101,sangram
5102,sangram
5103,sangram
5104,sangram
5105,sangram
5106,sangram
5107,sangram
5108,sangram
5109,sangram
5110,sangram
5111,sangram
5112,sangram
5113,sangram
5114,sangram
5115,sangram
5116,sangram
5117,sangram
5118,sangram
5119,sangram
5120,sangram
5121,sangram
5122,sangram
5123,sangram
5124,sangram
5125,sangram
5126,sangram
5127,sangram
5128,sangram
5129,sangram
5130,sangram
5131,sangram
5132,sangram
5133,sangram
5134,sangram
5135,sangram
5136,sangram
5137,sangram
5138,sangram
5139,sangram
5140,sangram
5141,sangram
5142,sangram
5143,sangram
5144,sangram
5145,sangram
5146,sangram
5147,sangram
5148,sangram
5149,sangram
5150,sangram
5151,sangram
5152,sangram
5153,sangram
5154,sangram
5155,sangram
5156,sangram
5157,sangram
5158,sangram
5159,sangram
5160,sangram
5161,sangram
5162,sangram
5163,sangram
5164,sangram
5165,sangram
5166,sangram
5167,sangram
5168,sangram
5169,sangram
5170,sangram
5171,sangram
5172,sangram
5173,sangram
5174,sangram
5175,sangram
5176,sangram
5177,sangram
5178,sangram
5179,sangram
5180,sangram
5181,sangram
5182,sangram
5183,sangram
5184,sangram
5185,sangram
5186,sangram
5187,sangram
5188,sangram
5189,sangram
5190,sangram
5191,sangram
5192,sangram
5193,sangram
5194,sangram
5195,sangram
5196,sangram
5197,sangram
5198,sangram
5199,sangram
5200,sangram
5201,sangram
5202,sangram
5203,sangram
5204,sangram
5205,sangram
5206,sangram
5207,sangram
5208,sangram
5209,sangram
5210,sangram
5211,sangram
5212,sangram
5213,sangram
5214,sangram
5215,sangram
5216,sangram
5217,sangram
5218,sangram
5219,sangram
5220,sangram
5221,sangram
5222,sangram
5223,sangram
5224,sangram
5225,sangram
5226,sangram
5227,sangram
5228,sangram
5229,sangram
5230,sangram
5231,sangram
5232,sangram
5233,sangram
5234,sangram
5235,sangram
5236,sangram
5237,sangram
5238,sangram
5239,sangram
5240,sangram
5241,sangram
5242,sangram
5243,sangram
5244,sangram
5245,sangram
5246,sangram
5247,sangram
5248,sangram
5249,sangram
5250,sangram
5251,sangram
5252,sangram
5253,sangram
5254,sangram
5255,sangram
5256,sangram
5257,sangram
5258,sangram
5259,sangram
5260,sangram
5261,sangram
5262,sangram
5263,sangram
5264,sangram
5265,sangram
5266,sangram
5267,sangram
5268,sangram
5269,sangram
5270,sangram
5271,sangram
5272,sangram
5273,sangram
5274,sangram
5275,sangram
5276,sangram
5277,sangram
5278,sangram
5279,sangram
5280,sangram
5281,sangram
